"Rank","Domain","Keywords in SERPs","Estimated organic traffic"
"1","youtube.com","477672285","15533946411.977345"
"2","facebook.com","326654969","8696600841.83269"
"3","wikipedia.org","311463598","40803642886.106865"
"4","tiktok.com","281486001","1578884341.450463"
"5","instagram.com","275285348","10681246508.229439"
"6","reddit.com","248458640","5693896289.0467615"
"7","pinterest.com","140840406","4451358985.297249"
"8","quora.com","118228177","1381436354.9997602"
"9","amazon.com","110247597","3849782445.487755"
"10","google.com","94509415","10804253414.528667"
"11","yahoo.com","85399666","1562317316.056665"
"12","linkedin.com","83627788","1359025328.8953273"
"13","fandom.com","74450461","2361230245.973454"
"14","apple.com","69649691","3380673660.178152"
"15","x.com","67224767","1942226995.6648595"
"16","ebay.com","63515691","476854418.9906459"
"17","etsy.com","50926127","343458957.62655187"
"18","yelp.com","48623711","1961565673.722296"
"19","wordpress.com","47038201","172761963.03539768"
"20","nytimes.com","45715213","693947439.2028253"
"21","walmart.com","45560770","839367079.515689"
"22","imdb.com","45238043","5015537258.321387"
"23","twitter.com","41883565","633568430.6296034"
"24","nih.gov","39429298","957645455.8888136"
"25","britannica.com","38924949","2296045485.0921383"
"26","tripadvisor.com","38493055","2714346173.860394"
"27","indeed.com","33403514","872954948.5623446"
"28","mapquest.com","32958197","291194374.1874858"
"29","medium.com","32536733","182937912.31087732"
"30","scribd.com","31076517","214937501.81292796"
"31","microsoft.com","30735067","1022772714.9682817"
"32","forbes.com","30560318","352004942.17430234"
"33","bbc.com","29917888","706777691.6032442"
"34","threads.net","29552119","134334273.38316512"
"35","spotify.com","28807149","824986872.667128"
"36","shutterstock.com","28754696","385469681.56622875"
"37","theguardian.com","28472841","288461413.75708556"
"38","msn.com","28110675","162468974.26157087"
"39","cambridge.org","26279592","4043691554.6862993"
"40","researchgate.net","26070230","82950666.10200083"
"41","mayoclinic.org","25690114","1069579349.7424245"
"42","indiatimes.com","24716914","836456312.5573134"
"43","aliexpress.com","24559385","74652897.6383506"
"44","healthline.com","24219438","988554525.9324441"
"45","wiktionary.org","23930808","872754316.804384"
"46","stackexchange.com","23781310","151600345.09598303"
"47","alamy.com","23570856","81854099.94278355"
"48","clevelandclinic.org","22903367","1285361312.051863"
"49","sciencedirect.com","22747114","318730257.19476247"
"50","target.com","22456138","442217797.41158426"
"51","dailymotion.com","22035685","183139930.36558542"
"52","bbc.co.uk","21915444","756229614.1212554"
"53","screenrant.com","21904394","184359648.42501962"
"54","merriam-webster.com","21361309","4229964764.1911964"
"55","webmd.com","21292296","700099575.5343919"
"56","wikihow.com","20946567","272183157.7593797"
"57","collinsdictionary.com","20266168","1100567103.0845795"
"58","istockphoto.com","19978634","677564970.1529924"
"59","businessinsider.com","19821603","168865127.31593427"
"60","booking.com","19635766","1268928695.3218088"
"61","usatoday.com","19401306","384007412.09502214"
"62","medicalnewstoday.com","19001041","510900599.4598089"
"63","adobe.com","18965489","809471221.4889228"
"64","reverso.net","18789826","592246585.0961503"
"65","amazon.co.uk","18164684","461285661.6587645"
"66","foursquare.com","18020634","61908706.978814684"
"67","study.com","17422054","401010350.0394387"
"68","cnn.com","17305706","320270570.32994044"
"69","www.nhs.uk","16894475","432547767.3555622"
"70","hindustantimes.com","16799665","381100932.91991353"
"71","yahoo.co.jp","16643835","1049408789.0401859"
"72","netflix.com","16590142","770920083.8522975"
"73","github.com","16332264","268931404.4175383"
"74","slideshare.net","16287132","74989227.17684335"
"75","alibaba.com","16102971","36493711.706992775"
"76","deviantart.com","15580482","56335315.539172396"
"77","dictionary.com","15429382","1136776505.134262"
"78","homedepot.com","15390168","693910015.2468909"
"79","wordreference.com","15389041","338653119.1296978"
"80","soundcloud.com","15177347","126801410.97963902"
"81","cnet.com","15174342","137925269.13042313"
"82","trip.com","15144295","114344495.36374374"
"83","ign.com","15105118","147450728.5395244"
"84","ikea.com","15063234","384943616.1318411"
"85","yellowpages.com","14928154","37300365.18928902"
"86","byjus.com","14715967","1275769368.7979395"
"87","dailymail.co.uk","14703592","101145327.94843125"
"88","canva.com","14608147","542314219.2669951"
"89","cbsnews.com","14591803","236750823.28585088"
"90","aol.com","14576502","72484264.50796242"
"91","wikiwand.com","14545671","54138306.74452849"
"92","bab.la","14314630","168762577.70120358"
"93","rottentomatoes.com","14103922","951874897.4087116"
"94","flickr.com","14063687","39379676.60348554"
"95","waze.com","14000810","204215755.61717528"
"96","freepik.com","13890378","385983081.43223476"
"97","geeksforgeeks.org","13888689","416091779.7995642"
"98","amazon.in","13877012","1205723564.477851"
"99","flipkart.com","13696631","644991462.7939836"
"100","usnews.com","13616486","324418348.98974323"
"101","amazon.de","13380766","436907148.0203342"
"102","costco.com","13349516","199993598.80462685"
"103","ca.gov","13277639","285895372.4477463"
"104","genius.com","13194218","506023077.2596764"
"105","gettyimages.com","13186792","201501491.71999395"
"106","www.gov.uk","13165428","300015380.8824185"
"107","dreamstime.com","12960286","43817332.38660664"
"108","sportskeeda.com","12835734","96853023.63326819"
"109","gamerant.com","12624524","89143433.17370155"
"110","harvard.edu","12171868","190668684.93581074"
"111","goodreads.com","12149105","216551114.54284576"
"112","vocabulary.com","12097198","797458454.9971517"
"113","justanswer.com","12084686","49951190.66504921"
"114","go.com","12000515","207954926.66790217"
"115","europa.eu","11972286","202848228.01756597"
"116","ebay.co.uk","11820100","74090706.87557949"
"117","namu.wiki","11801601","343818335.1129934"
"118","springer.com","11776557","38722262.23300336"
"119","nature.com","11696172","86732848.17829804"
"120","medlineplus.gov","11655741","469428820.8065729"
"121","npr.org","11644189","101200231.62256852"
"122","collider.com","11415614","69544757.8028139"
"123","people.com","11321396","248292484.19220626"
"124","goodhousekeeping.com","11247784","171380774.06288096"
"125","independent.co.uk","11049810","107068801.09994656"
"126","indiamart.com","11025621","191084700.51012704"
"127","hotels.com","10937350","579713978.0162628"
"128","reuters.com","10926359","110762549.3702256"
"129","buzzfeed.com","10882107","78962751.96670365"
"130","nextdoor.com","10855867","43115504.52188881"
"131","yourdictionary.com","10776880","132890451.27435155"
"132","infobae.com","10757152","153182504.08847558"
"133","tumblr.com","10725731","68205565.06237665"
"134","allrecipes.com","10714474","551215627.3525046"
"135","economictimes.com","10714460","171592833.08253148"
"136","espn.com","10678390","2033978247.944472"
"137","verywellhealth.com","10601642","155899114.5832311"
"138","cbr.com","10601246","69539159.07659915"
"139","wiley.com","10486896","33762185.03669049"
"140","investopedia.com","10468380","458234684.3419466"
"141","stackoverflow.com","10431776","94145296.39613216"
"142","thefreedictionary.com","10416079","102516585.57867303"
"143","canada.ca","10382819","176029562.00676343"
"144","steampowered.com","10363179","330316184.03511095"
"145","agoda.com","10342418","219411998.257015"
"146","substack.com","10306923","36993405.59577213"
"147","apnews.com","10008951","121147666.4142897"
"148","justdial.com","9920706","607923517.7376268"
"149","si.com","9897525","99860381.41315433"
"150","yandex.ru","9871162","67775278.80382441"
"151","craigslist.org","9870783","134403799.18945485"
"152","cdc.gov","9764648","226077761.97573623"
"153","cosmopolitan.com","9712814","127916658.68274112"
"154","lowes.com","9708728","215323933.73832998"
"155","washingtonpost.com","9667716","67319154.76452984"
"156","weebly.com","9416532","49118644.47473191"
"157","nypost.com","9405070","82719480.76997925"
"158","vecteezy.com","9371632","85340200.99111825"
"159","wikimedia.org","9298601","35551570.44927842"
"160","samsung.com","9274241","243775389.3729601"
"161","restaurantguru.com","9227370","25312360.567450732"
"162","hopkinsmedicine.org","9220642","226853394.13968"
"163","amazon.ca","9177578","233048938.97352076"
"164","steamcommunity.com","9112039","53654576.2935693"
"165","pixabay.com","9036131","271339442.61458117"
"166","redbubble.com","8995828","31245410.254426643"
"167","telegraph.co.uk","8973654","45949067.40539394"
"168","today.com","8969933","127345242.98954912"
"169","gamespot.com","8952077","51981893.25133102"
"170","newsbreak.com","8941094","29750172.546660993"
"171","amazon.fr","8935682","267558852.5457065"
"172","rakuten.co.jp","8916637","758651483.0346767"
"173","nbcnews.com","8875818","108078469.37275143"
"174","parade.com","8798236","173493291.99030685"
"175","oxfordlearnersdictionaries.com","8773268","272439362.6523344"
"176","expedia.com","8747416","497008560.90172976"
"177","globo.com","8719802","876619391.1315362"
"178","primevideo.com","8644810","357761023.0902043"
"179","msdmanuals.com","8609019","163594072.70336357"
"180","variety.com","8551372","89265220.04561055"
"181","softonic.com","8534344","211914339.21902034"
"182","ouest-france.fr","8465211","132517315.90941009"
"183","mdpi.com","8301781","26928479.846777536"
"184","ndtv.com","8265387","372059838.99228734"
"185","ubereats.com","8153021","167956535.4605592"
"186","bestbuy.com","8116817","223853517.2596806"
"187","as.com","8116286","151340880.99851125"
"188","timeout.com","8088440","118245445.87439099"
"189","techradar.com","8087903","76710670.0141994"
"190","pcmag.com","8076566","120316683.94105491"
"191","latimes.com","8062458","61610765.090851255"
"192","uol.com.br","8043611","549571522.0122328"
"193","oup.com","8032266","32603811.7589611"
"194","lefigaro.fr","8005609","91494755.28152853"
"195","rome2rio.com","7986289","90717443.50872819"
"196","ny.gov","7948117","141450080.88520467"
"197","uwbrandingiron.com","7923666","24158214.46393378"
"198","naver.com","7863260","196057756.5132696"
"199","pbs.org","7811614","77846005.5024414"
"200","tvtropes.org","7792602","46361940.13395763"
"201","moovitapp.com","7755601","130033095.0674623"
"202","thesaurus.com","7723175","684300332.0290346"
"203","shabdkosh.com","7717292","736270951.2371111"
"204","elpais.com","7707534","98651310.53666696"
"205","who.int","7683028","129209244.54389903"
"206","tvguide.com","7676307","204464673.6082709"
"207","indianexpress.com","7660083","225574752.59320167"
"208","zillow.com","7593428","382052861.462542"
"209","ameblo.jp","7557562","118868940.25595388"
"210","company-information.service.gov.uk","7548054","102208443.28699669"
"211","marriott.com","7530356","305788792.6899287"
"212","hollywoodreporter.com","7462449","62635374.04123055"
"213","wordhippo.com","7375965","185527820.8829197"
"214","thehindu.com","7367103","189427087.89245376"
"215","trustpilot.com","7365485","229673374.55691528"
"216","news18.com","7350669","132731514.23625559"
"217","oed.com","7335192","173390120.98364654"
"218","thegamer.com","7285374","36682921.38970968"
"219","wired.com","7172072","57526293.6022683"
"220","bbb.org","7168537","79126442.20323366"
"221","tripadvisor.co.uk","7167078","394999142.342946"
"222","amazon.co.jp","7145211","478774756.0930607"
"223","khanacademy.org","7135525","193413898.42317054"
"224","elle.com","7074391","88667059.18920824"
"225","state.gov","7068433","195578646.2542945"
"226","un.org","7023323","104044981.90173727"
"227","marca.com","7013121","191308888.17349273"
"228","glassdoor.com","6978476","52049513.53581776"
"229","justwatch.com","6976673","105888500.74782856"
"230","time.com","6971973","52986381.44425632"
"231","hm.com","6854412","156039469.5748287"
"232","texas.gov","6849404","105434878.34480438"
"233","tomsguide.com","6836734","78283915.20192218"
"234","bbcgoodfood.com","6818606","184404377.79649335"
"235","themoviedb.org","6811086","100037693.84718747"
"236","thesun.co.uk","6798392","45927156.60520596"
"237","archive.org","6783551","54220299.482162476"
"238","testbook.com","6764113","184489319.22874057"
"239","usda.gov","6752444","112802223.91435274"
"240","made-in-china.com","6725344","10628857.95220781"
"241","express.co.uk","6725334","33464018.189124536"
"242","india.com","6701294","158535547.16124466"
"243","cbc.ca","6684541","57320952.43503412"
"244","lavanguardia.com","6676815","83568112.37439927"
"245","newsweek.com","6667163","42147182.88185635"
"246","mumsnet.com","6657861","18299368.923678793"
"247","cnbc.com","6654907","209265829.79912964"
"248","studocu.com","6635381","25819630.02255705"
"249","johnlewis.com","6581925","52315150.743708454"
"250","theconversation.com","6570945","35652608.31019163"
"251","ziprecruiter.com","6558330","125780479.01810706"
"252","bloomberg.com","6531788","118248324.74062474"
"253","abc.net.au","6433530","43929158.00497148"
"254","rollingstone.com","6407410","57162505.52945666"
"255","detik.com","6405803","497411138.038938"
"256","uptodown.com","6365395","157252046.10494354"
"257","timesnownews.com","6364394","69776584.04285274"
"258","issuu.com","6329512","13848489.636519164"
"259","deezer.com","6316618","39273495.14715072"
"260","wikidata.org","6286293","26517893.545750935"
"261","thekitchn.com","6250225","153039339.11158103"
"262","archiveofourown.org","6242156","30344527.223065883"
"263","southernliving.com","6178454","125898357.91879134"
"264","bing.com","6172976","77078020.60926178"
"265","letras.com","6169211","94261892.28635627"
"266","nsw.gov.au","6156111","81148290.02491322"
"267","nasa.gov","6135735","215149230.0869125"
"268","jstor.org","6133033","22951607.65272236"
"269","macys.com","6131153","138319667.67934296"
"270","last.fm","6102162","51479582.25859161"
"271","cookpad.com","6092532","378199385.37746876"
"272","toppr.com","6082817","143720019.05610988"
"273","vedantu.com","6061518","161760500.05236012"
"274","poshmark.com","6060764","19050103.091181792"
"275","digitaltrends.com","6042677","30131882.841337003"
"276","mercadolivre.com.br","6018601","405610030.5928665"
"277","nike.com","6001637","292358689.77088815"
"278","note.com","5994727","86631381.25556682"
"279","business-standard.com","5972605","118917915.73600192"
"280","kayak.com","5959670","202604297.59160674"
"281","indiatoday.in","5955734","134987712.16178098"
"282","glosbe.com","5935874","114421529.80165267"
"283","livemint.com","5899051","104636267.06389053"
"284","tokopedia.com","5890381","276858781.00813985"
"285","ew.com","5888041","65665920.721232235"
"286","irs.gov","5817301","140855522.0431016"
"287","investing.com","5807744","348522298.82408834"
"288","asos.com","5784759","54260089.183329225"
"289","makemytrip.com","5784591","652498236.5451819"
"290","doordash.com","5778893","234005569.30263174"
"291","temu.com","5749295","27686078.829409517"
"292","amazon.es","5729362","136769168.9971583"
"293","billboard.com","5719129","54399229.35760177"
"294","thepioneerwoman.com","5704752","95338932.56752229"
"295","ebay.de","5689207","45526648.91527884"
"296","mirror.co.uk","5685562","30790757.41085337"
"297","mit.edu","5666390","57980943.45086614"
"298","accuweather.com","5663535","1370990072.5201402"
"299","tenor.com","5647632","108362083.88537872"
"300","realtor.com","5645115","162986672.21170828"
"301","gamesradar.com","5642041","40025902.47330739"
"302","tistory.com","5629213","38131230.90933861"
"303","zoominfo.com","5610520","11064933.15954479"
"304","brainly.in","5608337","95737506.51330817"
"305","line.me","5595173","71178610.74739847"
"306","cornell.edu","5588590","90849446.59939319"
"307","wsj.com","5585496","50903229.476994336"
"308","playstation.com","5574195","144974677.5489394"
"309","ldoceonline.com","5569701","40626017.217720695"
"310","pagesjaunes.fr","5565451","97259334.00407583"
"311","goo.ne.jp","5564339","194998048.44096094"
"312","discogs.com","5560445","47327824.89591466"
"313","mercadolibre.com.mx","5558976","216663619.2466579"
"314","pngtree.com","5527344","50239237.23773802"
"315","zara.com","5507030","116634921.34947132"
"316","mundodeportivo.com","5499973","73867564.91816345"
"317","prnewswire.com","5476993","24969508.05282383"
"318","ft.com","5469989","44511139.5571634"
"319","kidshealth.org","5463535","107115000.85403818"
"320","answers.com","5444759","32690565.67321515"
"321","betterhealth.vic.gov.au","5444347","107699888.70846629"
"322","standard.co.uk","5435702","38488793.79227236"
"323","vogue.com","5416210","53035277.649333164"
"324","hinative.com","5405172","28379247.8793779"
"325","lemonde.fr","5396759","60509889.57591386"
"326","radiotimes.com","5393526","58857969.69359687"
"327","unsplash.com","5380300","420919370.85324013"
"328","lemon8-app.com","5371648","19185805.684720263"
"329","pons.com","5354060","227527758.87146223"
"330","medscape.com","5347920","70772048.93886068"
"331","countryliving.com","5335465","71504994.30640578"
"332","health.com","5334953","65484390.254245564"
"333","healthdirect.gov.au","5323230","86490514.02678746"
"334","kleinanzeigen.de","5313972","63458679.58651106"
"335","nordstrom.com","5302151","207975909.97412422"
"336","tribunnews.com","5278998","115957923.6071049"
"337","kompas.com","5264186","248382247.918198"
"338","menshealth.com","5262004","57982246.433762565"
"339","nps.gov","5248445","183413792.37737072"
"340","prom.ua","5245545","38381280.14118412"
"341","liputan6.com","5242013","186953225.2088068"
"342","barnesandnoble.com","5222856","58923184.10919667"
"343","medicinenet.com","5211503","43472072.06371223"
"344","wattpad.com","5210975","61519066.89214815"
"345","aminoapps.com","5199156","23803901.45504553"
"346","caranddriver.com","5184320","158806983.71451053"
"347","elmundo.es","5183787","127618677.36196333"
"348","gutefrage.net","5181291","29037253.930440485"
"349","olx.ua","5176253","79538055.01810268"
"350","womenshealthmag.com","5172450","36510402.378137425"
"351","statista.com","5168926","72016993.26483698"
"352","wa.gov","5149894","60700525.71112566"
"353","foodnetwork.com","5146652","144534423.49791178"
"354","goal.com","5142415","197796395.40915892"
"355","elespanol.com","5135796","35864182.049363375"
"356","amazon.com.br","5134900","190073960.59606984"
"357","deadline.com","5134593","47997100.142120466"
"358","hubpages.com","5129679","21168345.439910457"
"359","sportingnews.com","5097790","97889145.29139528"
"360","goodrx.com","5095612","84240181.73454183"
"361","shopee.co.id","5068630","260883346.23736373"
"362","va.gov","5058448","55133771.51457566"
"363","quizlet.com","5048760","29858815.490507424"
"364","biomedcentral.com","5047246","22150870.183498487"
"365","moneycontrol.com","5026920","964088088.1246436"
"366","letras.mus.br","5019098","116441499.66467468"
"367","academia.edu","5011541","9953860.509355493"
"368","iheart.com","5010681","38275515.81517845"
"369","seriouseats.com","5006412","108559043.53152831"
"370","vulture.com","4987646","48858892.06146445"
"371","thespruce.com","4962430","110147155.08324388"
"372","vocal.media","4954047","21435584.71267748"
"373","thoughtco.com","4949672","81820997.19895083"
"374","com.be","4932077","32106880.536818493"
"375","brainly.com","4930711","42716165.25347299"
"376","diy.com","4925688","61414285.78315166"
"377","howstuffworks.com","4925474","107593525.97881934"
"378","stanford.edu","4923846","74279435.67655459"
"379","libretexts.org","4917926","117650873.63339555"
"380","esquire.com","4909225","37104645.78459795"
"381","fnac.com","4907746","54617948.67617488"
"382","amazon.com.au","4887191","59660198.41797179"
"383","mubi.com","4886471","59974354.11082947"
"384","abplive.com","4884889","158150327.86244527"
"385","leboncoin.fr","4863101","79538479.97709024"
"386","fda.gov","4859673","66429713.58327085"
"387","dnb.com","4857322","19424312.830755554"
"388","ranker.com","4844957","34084337.25451397"
"389","weather.com","4840246","1440577809.9973571"
"390","nationalgeographic.com","4827117","123288944.8026447"
"391","musixmatch.com","4819390","30347680.82765302"
"392","food.com","4800047","77886549.31716026"
"393","letterboxd.com","4795818","56175695.67581207"
"394","jagran.com","4791811","116293936.65052494"
"395","rozetka.com.ua","4786982","73887110.49363194"
"396","samsclub.com","4784619","73896369.86800158"
"397","theverge.com","4783952","29951088.10301985"
"398","dw.com","4783659","32910813.089062728"
"399","instructables.com","4779802","38908122.97672147"
"400","mozilla.org","4777288","86281077.45836687"
"401","theknot.com","4774339","81602651.51139909"
"402","mercari.com","4763849","50374128.75944425"
"403","timeanddate.com","4756121","1022607151.4692338"
"404","vectorstock.com","4753394","31183168.238023534"
"405","boomplay.com","4738693","36703711.20424674"
"406","cancer.gov","4732698","182662643.5997136"
"407","alberta.ca","4725848","54448359.56425478"
"408","foxnews.com","4724707","107389276.47706531"
"409","euronews.com","4709336","29742691.489324447"
"410","olympics.com","4705984","468424032.44319457"
"411","wayfair.com","4695749","72149828.30292921"
"412","mountsinai.org","4684560","100266945.56396598"
"413","wise.com","4657895","999708126.998212"
"414","drugs.com","4646198","131342417.05275112"
"415","shazam.com","4645059","28197015.987098526"
"416","crunchbase.com","4632401","38575873.98439396"
"417","sofascore.com","4622036","377199311.9282538"
"418","trendyol.com","4619012","163127740.30324852"
"419","marksandspencer.com","4613702","72041151.49179402"
"420","docomo.ne.jp","4606136","93075388.19252169"
"421","amazon.it","4603499","192220007.9559635"
"422","metro.co.uk","4600786","23902071.108152732"
"423","osu.edu","4593664","31190590.347278193"
"424","xbox.com","4587250","99119853.25372653"
"425","urbandictionary.com","4585426","100557319.82778366"
"426","jagranjosh.com","4580740","165531268.3964754"
"427","movieweb.com","4568106","27720056.12269742"
"428","pexels.com","4556189","255143473.85429966"
"429","mashable.com","4542354","75737072.95782188"
"430","langeek.co","4541739","26777514.861794055"
"431","dzen.ru","4535918","7036361.561691405"
"432","ultimate-guitar.com","4535725","87661395.25822155"
"433","bol.com","4520544","48030847.61982998"
"434","cbssports.com","4501075","291527928.05664194"
"435","foxsports.com","4500344","219993660.6055889"
"436","nyc.gov","4483498","85306523.09697264"
"437","harpersbazaar.com","4479858","41079879.28946646"
"438","techtarget.com","4465089","167534547.54112706"
"439","redfin.com","4464830","70491982.74495405"
"440","mercadolibre.com.ar","4458539","123686083.71756423"
"441","scmp.com","4456345","28656983.252496723"
"442","umich.edu","4454005","47588741.12127382"
"443","abc.es","4426796","44585361.70386163"
"444","20minutos.es","4426392","32952130.412501555"
"445","frontiersin.org","4423997","18103756.319241814"
"446","thetimes.com","4416223","21905225.115649533"
"447","eonline.com","4414039","41369451.079527505"
"448","kumparan.com","4396793","185217638.9395291"
"449","primark.com","4388848","30179553.43829599"
"450","the-independent.com","4387335","24882150.658613365"
"451","realsimple.com","4384983","44286321.983068034"
"452","sky.com","4368012","61899798.139629066"
"453","huffpost.com","4361301","22560056.03393657"
"454","shopee.com.br","4345896","110257385.01859936"
"455","patch.com","4326602","17214380.374227412"
"456","123rf.com","4324304","8878752.450314082"
"457","ycombinator.com","4319243","31057980.789402567"
"458","travelweekly.com","4318045","35107813.62395573"
"459","metacritic.com","4313632","31995156.567327578"
"460","loc.gov","4306717","70988509.0853301"
"461","encyclopedia.com","4305048","17320142.63022566"
"462","commonsensemedia.org","4298181","59634836.16537097"
"463","tandfonline.com","4287964","11775288.022383861"
"464","shopify.com","4280650","93276676.93002823"
"465","city-data.com","4279268","14928358.625875516"
"466","kroger.com","4277442","61880502.497185424"
"467","francetvinfo.fr","4276223","57684597.15127347"
"468","bandcamp.com","4276026","31500541.725095116"
"469","twitch.tv","4273899","80559306.08385374"
"470","travelocity.com","4273024","56213015.042057514"
"471","idealo.de","4261484","44741789.52016018"
"472","polygon.com","4261473","25234710.93895004"
"473","nymag.com","4259689","31228806.8167475"
"474","apkpure.com","4258067","38075846.33277481"
"475","tuasaude.com","4251639","150742755.98279896"
"476","pngegg.com","4242771","13860465.22851261"
"477","bhg.com","4236575","43277726.8991549"
"478","cntraveler.com","4229188","70149779.10341117"
"479","tkmaxx.com","4225992","15901709.886374492"
"480","prtimes.jp","4219081","61490142.37567514"
"481","lanacion.com.ar","4212355","85862042.77121525"
"482","metafilter.com","4190212","9031620.23848302"
"483","larousse.fr","4184493","202997610.00426546"
"484","filmaffinity.com","4183839","101658945.8921754"
"485","skysports.com","4174136","293016956.98128533"
"486","makeuseof.com","4167191","13778121.256125756"
"487","ctvnews.ca","4160934","36030427.1425916"
"488","ibm.com","4160886","99834132.04735184"
"489","omnicalculator.com","4152172","244109384.304424"
"490","ebay.ca","4145670","18084728.184725977"
"491","groupon.com","4140941","129496662.31776923"
"492","tripadvisor.ca","4137730","287397025.1355034"
"493","magazineluiza.com.br","4114016","176930443.43829465"
"494","consumerreports.org","4113061","34158499.6719271"
"495","allocine.fr","4104996","192346151.7612749"
"496","usembassy.gov","4078722","62849194.87113248"
"497","terra.com.br","4075443","134215630.24085544"
"498","tvinsider.com","4061464","72934157.6335397"
"499","ozon.ru","4059253","3225832.21065191"
"500","healthgrades.com","4046006","29978040.855880737"
"501","psu.edu","4044713","42644899.693132736"
"502","studyx.ai","4041085","9912783.989311045"
"503","tasteofhome.com","4038886","82542039.24866763"
"504","w3schools.com","4036557","144458234.7703503"
"505","next.co.uk","4028510","58914295.88644536"
"506","everydayhealth.com","4027997","21911698.7812195"
"507","mappy.com","4017825","93182380.93352082"
"508","newyorker.com","4015954","33122176.884962946"
"509","walmart.ca","4015478","64266535.39362845"
"510","argos.co.uk","4006067","64988099.802144304"
"511","subito.it","4002793","47002080.79051349"
"512","aljazeera.com","4001130","96646312.57078865"
"513","herzindagi.com","3999983","71947813.28338002"
"514","rocketreach.co","3995165","9666745.36521693"
"515","yelp.ca","3994085","88335263.49137254"
"516","noaa.gov","3984269","127118537.15615988"
"517","pa.gov","3977407","49505228.999040335"
"518","rae.es","3974343","438666448.26658285"
"519","legacy.com","3964226","75196526.68464927"
"520","javatpoint.com","3962374","80865890.70491341"
"521","cdiscount.com","3962069","23725295.590668857"
"522","vk.com","3954324","18957618.362463985"
"523","travelandleisure.com","3938832","43228486.18316226"
"524","wordnik.com","3929463","25319958.913178787"
"525","farfetch.com","3921609","58299714.60720008"
"526","dexerto.com","3903295","19444847.54478615"
"527","gardenweb.com","3903017","8137397.834299913"
"528","epa.gov","3892888","58849383.57128061"
"529","tripadvisor.in","3888684","557740190.5495504"
"530","viator.com","3880820","35116772.90487201"
"531","lifewire.com","3879948","31670707.236176956"
"532","glamour.com","3870527","33016059.53454672"
"533","aarp.org","3867953","37311069.39648123"
"534","foodandwine.com","3856429","63670290.72021947"
"535","kohls.com","3854520","71412326.67807828"
"536","ck12.org","3843672","208339223.08252734"
"537","depositphotos.com","3833270","9716940.871218277"
"538","houzz.com","3827331","24148721.45566105"
"539","cvs.com","3817902","138675578.0895944"
"540","jiosaavn.com","3806972","126835305.0509459"
"541","opentable.com","3806337","173228307.02066454"
"542","eventbrite.com","3801059","40733362.975058176"
"543","wordsmyth.net","3799194","23507564.192799926"
"544","ebay.com.au","3795343","15919087.785872187"
"545","psychologytoday.com","3794594","39337005.73022718"
"546","sahibinden.com","3788356","82633766.58215275"
"547","popsugar.com","3784433","18706526.509371173"
"548","allevents.in","3778860","7116853.983538056"
"549","edmunds.com","3771002","140369442.28842932"
"550","t-online.de","3755620","41597035.89594741"
"551","nerdwallet.com","3754756","148469742.82011595"
"552","allegro.pl","3753750","137996127.17572162"
"553","nhsinform.scot","3753699","53122528.316618904"
"554","shein.com","3750582","40340845.50482335"
"555","klook.com","3742128","53205042.99621411"
"556","linguee.com","3740440","44376077.765858255"
"557","lonelyplanet.com","3736722","60438733.33128327"
"558","amarujala.com","3733274","125262886.42541179"
"559","clarin.com","3730935","47170755.21426996"
"560","virginia.gov","3728773","45657057.03955168"
"561","leparisien.fr","3725134","31811542.419604555"
"562","comicbook.com","3721459","12016743.346452748"
"563","apartments.com","3717011","161034402.00791103"
"564","aaa.com","3715126","70142507.9217929"
"565","kiddle.co","3712043","12145469.823975187"
"566","livehindustan.com","3705608","146874408.04707307"
"567","azlyrics.com","3685987","82647420.6136466"
"568","shiksha.com","3684153","195176032.72034925"
"569","simplyrecipes.com","3683480","104878327.54907142"
"570","si.edu","3683110","94581103.25006196"
"571","mynavi.jp","3682101","112087690.47466213"
"572","businesswire.com","3680484","16148168.340901783"
"573","nexusmods.com","3679229","21916471.266444117"
"574","refinery29.com","3679053","13018648.42908135"
"575","marthastewart.com","3665313","43607037.71048957"
"576","teacherspayteachers.com","3662648","24657250.505898662"
"577","idntimes.com","3660259","74989184.13726838"
"578","uscis.gov","3653544","58464084.993135475"
"579","usmagazine.com","3650560","45417959.68187093"
"580","zdnet.com","3647761","30726511.483831678"
"581","traveloka.com","3641360","125708015.22289094"
"582","elcorteingles.es","3640166","59719731.80167479"
"583","mass.gov","3638272","41965627.9304194"
"584","cosmo2050.com","3635339","8346617.077537812"
"585","delish.com","3634498","66522095.813262165"
"586","jooble.org","3632785","19835390.56165314"
"587","otto.de","3625873","37043519.83400102"
"588","digitalspy.com","3612741","18974317.125378337"
"589","eater.com","3608437","83458124.62286583"
"590","aptoide.com","3604784","46332224.53866278"
"591","definitions.net","3592955","16977874.430312343"
"592","asda.com","3591965","42016028.623645134"
"593","ea.com","3590451","78746581.71181402"
"594","behance.net","3586729","26024512.123807494"
"595","history.com","3582029","97506407.0526516"
"596","thespruceeats.com","3571176","67019672.939704224"
"597","famousbirthdays.com","3570940","79249071.90860625"
"598","instacart.com","3549825","67963916.67849228"
"599","plex.tv","3548566","37948531.48744255"
"600","olx.com.br","3534322","72213678.6485317"
"601","lego.com","3527220","78227811.18827808"
"602","hp.com","3524790","68457468.43219835"
"603","livescience.com","3509898","44500997.630811006"
"604","byrdie.com","3502925","59533160.40265356"
"605","the-sun.com","3499452","17379953.269845195"
"606","columbia.edu","3496315","32438240.9621092"
"607","bleacherreport.com","3494451","64360111.47823956"
"608","hinkhoj.com","3469992","237114557.22203416"
"609","amazon.com.mx","3463170","99704138.72811858"
"610","ufl.edu","3457378","46028614.17288999"
"611","eatingwell.com","3455239","47545989.61009953"
"612","weblio.jp","3452485","225648675.99969116"
"613","bmj.com","3450545","15121157.379621545"
"614","mlb.com","3444089","502209517.4067692"
"615","nintendo.com","3442566","103494448.33932808"
"616","sagepub.com","3441794","9268364.7131279"
"617","uptodate.com","3441244","35360270.188131645"
"618","sortiraparis.com","3432476","20802855.061029732"
"619","financialexpress.com","3431900","54494555.943884425"
"620","ssa.gov","3419732","64486064.77783232"
"621","gq.com","3418568","25650186.80671689"
"622","jbhifi.com.au","3412536","32986284.519519206"
"623","airbnb.com","3412068","35094556.55881284"
"624","uniqlo.com","3407300","56546707.580188"
"625","news.com.au","3407104","19858827.329297647"
"626","meesho.com","3403327","78207498.91197038"
"627","superuser.com","3401922","16965852.00430893"
"628","michigan.gov","3393867","37228861.64744216"
"629","bfmtv.com","3389119","40964011.13970077"
"630","thebump.com","3388325","63067978.3562773"
"631","chip.de","3387016","53331908.649847075"
"632","actu.fr","3386125","30066020.37618448"
"633","spanishdict.com","3382731","140194268.72882083"
"634","unacademy.com","3380683","209065257.3577542"
"635","kbb.com","3376758","128707835.43969858"
"636","babycenter.com","3373774","49275127.38490637"
"637","corriere.it","3363529","83550036.19976246"
"638","hilton.com","3359893","178315535.9207173"
"639","news-medical.net","3355444","28709352.998301588"
"640","ulta.com","3353598","53602714.548728555"
"641","carfax.com","3349989","137406292.09558886"
"642","dickssportinggoods.com","3335694","115488139.01019971"
"643","nvidia.com","3332588","40588860.96319364"
"644","navitime.co.jp","3329745","135243860.91802698"
"645","verizon.com","3327282","71685002.49909261"
"646","nj.gov","3322157","38734837.60246803"
"647","marketscreener.com","3319158","32368158.938239247"
"648","www.gob.mx","3315481","136818218.24136606"
"649","grubhub.com","3311097","133771874.79193471"
"650","jamanetwork.com","3308160","14223558.547430182"
"651","umn.edu","3307520","36516251.864033416"
"652","calculator.net","3306559","255128415.110801"
"653","walgreens.com","3305943","118881393.30139063"
"654","tripadvisor.fr","3297047","167333226.0019421"
"655","udn.com","3295735","30665771.609786626"
"656","pinkvilla.com","3278449","23017510.49498285"
"657","epicentrk.ua","3277180","30927042.100789174"
"658","filmweb.pl","3270788","81324570.47187135"
"659","poki.com","3266690","256629622.76523829"
"660","howtogeek.com","3262685","16457394.991260378"
"661","blibli.com","3254433","115246455.73386016"
"662","shaalaa.com","3252584","26919308.121504873"
"663","oxfordreference.com","3251015","20915635.252973016"
"664","petmd.com","3250664","131499530.70091915"
"665","france24.com","3249551","20493391.69312068"
"666","fodors.com","3247595","15508969.31825225"
"667","menards.com","3241150","42175730.85660674"
"668","pcgamer.com","3235591","26387583.29205932"
"669","alltrails.com","3233049","67246362.36043744"
"670","aajtak.in","3226848","197106962.21246004"
"671","cinemablend.com","3225133","17408273.488994136"
"672","elcomercio.pe","3221042","46583688.023200035"
"673","michelin.com","3219827","93582891.17648181"
"674","radiofrance.fr","3218278","28263481.350028396"
"675","myntra.com","3216359","322882193.9796839"
"676","rakuten.com","3208908","21414263.32053531"
"677","tesco.com","3206707","73719759.93530953"
"678","resetera.com","3205821","10092076.827937797"
"679","epicgames.com","3204170","68676784.97951142"
"680","grammarly.com","3201679","173288792.65890235"
"681","rd.com","3193765","32036298.20412431"
"682","worldbank.org","3186782","41058859.77231906"
"683","fiveable.me","3182817","12456469.981390823"
"684","upenn.edu","3180222","23825690.80484169"
"685","bunnings.com.au","3173646","41557687.908058845"
"686","hubspot.com","3173178","34893613.14077349"
"687","powerthesaurus.org","3167616","29793291.263262786"
"688","szu.edu.cn","3164344","1730524.6600842439"
"689","nba.com","3163178","550873977.4626739"
"690","eksisozluk.com","3162992","100911603.31109633"
"691","rateyourmusic.com","3160740","12950290.986125652"
"692","rogerebert.com","3157468","46237264.46136922"
"693","biblegateway.com","3155313","146871014.8252978"
"694","tradingview.com","3153817","245882783.01114726"
"695","nikkei.com","3153199","103200282.13266867"
"696","in.gov","3141971","38628566.86051335"
"697","quillbot.com","3139977","299041998.67368704"
"698","ukr.net","3137698","36789642.77225592"
"699","britishcouncil.org","3134553","42345323.994055726"
"700","boots.com","3131023","49476690.00901043"
"701","recipetineats.com","3130324","133146477.16756497"
"702","momjunction.com","3127754","19733512.939990498"
"703","action.com","3127136","36163605.631765984"
"704","coursera.org","3126944","77110262.61574274"
"705","mercadolibre.com.co","3124325","47193686.331817076"
"706","hellomagazine.com","3116395","27925808.318286873"
"707","wondershare.com","3114745","21389384.29041267"
"708","hse.ie","3113238","16370319.736950316"
"709","disneyplus.com","3113207","124842184.40885659"
"710","elconfidencial.com","3112953","20482053.334048532"
"711","francebleu.fr","3112315","21377357.695064805"
"712","chegg.com","3110201","11158185.769976845"
"713","tabelog.com","3103534","523018073.55365527"
"714","michaels.com","3103021","41214474.24092248"
"715","footboom1.com","3099292","12865568.789056387"
"716","hola.com","3098364","33880509.66189626"
"717","berkeley.edu","3094184","37679673.88909735"
"718","costco.ca","3093387","42472319.11442129"
"719","roku.com","3089919","33486348.50163526"
"720","weather.gov","3080440","210015185.66204712"
"721","smythstoys.com","3080175","27976390.335692257"
"722","illinois.gov","3077039","38441712.32016331"
"723","envato.com","3076828","12796517.091650372"
"724","20minutes.fr","3074391","42946805.21542088"
"725","prevention.com","3073443","27015299.177014332"
"726","apa.org","3073271","47809593.06037175"
"727","wikivoyage.org","3064354","57272837.75651231"
"728","manta.com","3062398","2324643.3171050195"
"729","unam.mx","3058481","55018358.799540944"
"730","pixnet.net","3056572","34513086.31989891"
"731","kmart.com.au","3055488","23635463.963668916"
"732","squarespace.com","3054811","26600648.569538012"
"733","masterclass.com","3054112","50135343.60122386"
"734","abril.com.br","3051028","52704714.08157962"
"735","canadiantire.ca","3050390","61088891.48547068"
"736","tureng.com","3048963","62492853.245716766"
"737","narkive.com","3047352","5452417.575397188"
"738","americanexpress.com","3046910","58673676.676964484"
"739","kakaku.com","3046179","104520595.41363075"
"740","pressbooks.pub","3042645","20200936.381024003"
"741","cars.com","3034434","89146875.4220615"
"742","wisc.edu","3033834","39052906.62788327"
"743","ndr.de","3033411","53132740.902135745"
"744","prezi.com","3032808","7796235.365250649"
"745","asus.com","3027196","28880381.450246748"
"746","yale.edu","3025357","31829252.731594503"
"747","getyourguide.com","3023574","22743833.993007347"
"748","acehardware.com","3022013","36459027.24440492"
"749","worldatlas.com","3017947","53540846.002091706"
"750","focus.de","3014829","24164527.866996594"
"751","verywellmind.com","3013867","94203386.14459647"
"752","patient.info","3007601","16969495.307119846"
"753","cnnbrasil.com.br","3003756","134926039.3424396"
"754","android.com","3000941","36577572.10014806"
"755","trulia.com","2999535","89437520.63217597"
"756","homes.com","2994796","41240028.54433021"
"757","purdue.edu","2993228","65872934.59723582"
"758","justia.com","2992915","26748011.520141613"
"759","morningstar.com","2991430","46836726.2514201"
"760","northwestphysicians.com","2990486","3461762.106108824"
"761","bhaskar.com","2988393","84898017.67580014"
"762","stardewvalleywiki.com","2987867","19809915.271591403"
"763","okdiario.com","2987262","24526787.850365188"
"764","stern.de","2984353","19877860.504326485"
"765","almaany.com","2978165","68239647.97047509"
"766","maryland.gov","2974519","41834542.815135665"
"767","nzherald.co.nz","2972509","14714983.717938235"
"768","ucdavis.edu","2967045","29051972.977243364"
"769","leverageedu.com","2966498","71834047.4519659"
"770","nasdaq.com","2965368","152153571.3282891"
"771","nhk.or.jp","2960580","146694227.20314765"
"772","americanas.com.br","2959003","108376714.95384698"
"773","marketwatch.com","2956027","334854773.6592866"
"774","t-mobile.com","2948279","84360345.96182914"
"775","mapcarta.com","2947148","6999982.026136301"
"776","lumenlearning.com","2942217","27297185.609219782"
"777","spiegel.de","2941379","49627074.2439852"
"778","motortrend.com","2940790","27473400.80321727"
"779","pennmedicine.org","2939547","47856142.39248634"
"780","rochester.edu","2937722","37734143.19756456"
"781","trivago.com","2936336","41057842.944987155"
"782","decider.com","2934161","11305169.034089992"
"783","crosswordsolver.com","2929846","36653263.4273881"
"784","yell.com","2928656","19187451.399812847"
"785","ontario.ca","2922121","35365952.45819514"
"786","oracle.com","2921881","49728536.764462784"
"787","eurogamer.net","2918120","17437534.747555763"
"788","orbitz.com","2912190","24421881.27127682"
"789","mo.gov","2909209","37544941.86285962"
"790","bigw.com.au","2907458","18973764.69488372"
"791","lingvanex.com","2902936","73513583.31648779"
"792","spiceworks.com","2898583","19432022.05884041"
"793","churchofjesuschrist.org","2897421","48757953.33631763"
"794","journaldesfemmes.fr","2894939","65077692.92687498"
"795","usa.gov","2891785","134651317.42094344"
"796","globalnews.ca","2890457","31300270.87246602"
"797","daum.net","2886434","24949094.850968093"
"798","allure.com","2885454","78086826.70253064"
"799","superpages.com","2877301","1982511.936023822"
"800","smh.com.au","2876240","13653301.738225048"
"801","smithsonianmag.com","2872416","26805654.167291805"
"802","dunelm.com","2869636","26609232.347593542"
"803","data.gouv.fr","2869464","31323126.37126083"
"804","cuemath.com","2868646","332369954.8581967"
"805","doubtnut.com","2867335","43065764.96915735"
"806","www.gov.br","2861196","178497277.84233105"
"807","yardbarker.com","2851145","30537660.631033003"
"808","tripadvisor.de","2848089","124653616.09569295"
"809","dell.com","2846748","42656223.13227929"
"810","larazon.es","2844410","20625048.05853207"
"811","my-best.com","2842785","112463951.93716575"
"812","hepsiburada.com","2842717","80876223.63566104"
"813","youm7.com","2833315","64344362.162428655"
"814","loveandlemons.com","2830090","128824190.88331604"
"815","prokerala.com","2829973","93904326.11537266"
"816","pngwing.com","2828849","18280716.765832763"
"817","bonappetit.com","2826123","42219899.04051473"
"818","army.mil","2825954","44584059.94939148"
"819","oem.com.mx","2824254","29612023.182599254"
"820","vice.com","2820840","23069790.851896588"
"821","heb.com","2818458","36190793.9865718"
"822","hgtv.com","2810648","39051189.98183436"
"823","freepik.es","2808105","71301770.3074594"
"824","lawinsider.com","2806484","16783162.73977901"
"825","livejournal.com","2797208","5372273.394586755"
"826","lazada.co.id","2793374","80074178.96546909"
"827","rei.com","2790044","40956484.663855046"
"828","barrons.com","2789793","38198190.45377262"
"829","picclick.com","2789044","1241169.0359051954"
"830","biblestudytools.com","2787091","89851581.92195898"
"831","tempo.co","2784972","76953840.58062665"
"832","nate.com","2782477","13070088.449719487"
"833","angi.com","2777036","56899878.37022538"
"834","gouv.qc.ca","2773189","50167598.897722244"
"835","ihg.com","2767718","81157238.84863414"
"836","lyst.com","2766560","15175664.649305245"
"837","365scores.com","2763816","155004664.60979187"
"838","tastingtable.com","2761741","21068513.149631232"
"839","lenovo.com","2760435","56151398.626512244"
"840","lerobert.com","2754849","70061454.07877634"
"841","chron.com","2751817","17031907.753239147"
"842","aa.com","2749494","107004465.22826482"
"843","acs.org","2748789","21591856.79290679"
"844","heart.org","2744921","57677758.63380779"
"845","firstcry.com","2743361","38566584.14407312"
"846","fortune.com","2739684","18012025.717190713"
"847","housebeautiful.com","2737260","26234556.11867232"
"848","finn.no","2733232","9650773.801762467"
"849","food52.com","2729432","22300480.929123964"
"850","vox.com","2729344","18084079.424025737"
"851","wanderlog.com","2728311","24921386.75625602"
"852","tsn.ua","2726363","33307292.773949265"
"853","service-public.fr","2720087","117394128.50003229"
"854","tradera.com","2715731","4891822.319407979"
"855","dhgate.com","2713160","5016448.053896047"
"856","biglobe.ne.jp","2706458","31623546.120387007"
"857","pikiran-rakyat.com","2704589","21542449.246463586"
"858","moneysavingexpert.com","2703683","36473432.874355674"
"859","pixiv.net","2698351","173134596.5933663"
"860","archives.gov","2695233","49511378.78029587"
"861","tripadvisor.es","2693249","193007506.21009725"
"862","livestrong.com","2690929","12888479.834289482"
"863","utah.edu","2689048","21907552.30071827"
"864","nj.com","2687209","19324277.587429762"
"865","ox.ac.uk","2681855","21061206.036962494"
"866","tutorialspoint.com","2680698","29577009.26695841"
"867","ucla.edu","2680369","25936048.34871868"
"868","nice.org.uk","2676741","13018179.081045423"
"869","nme.com","2674765","19031987.38767447"
"870","ingles.com","2672987","113890171.87686704"
"871","lww.com","2672320","8102942.005981185"
"872","faz.net","2671473","25646108.474570587"
"873","chosun.com","2671336","15252409.012421925"
"874","pitchbook.com","2667232","14768856.636713257"
"875","baidu.com","2656762","28829175.031714924"
"876","usps.com","2650449","245484567.4385718"
"877","kaiserpermanente.org","2646758","29530569.874173023"
"878","gaana.com","2639508","111633815.90273717"
"879","free.fr","2637859","20277504.094272517"
"880","ticketmaster.com","2632829","179252390.6889662"
"881","onelook.com","2632806","15932785.689205024"
"882","cylex-uk.co.uk","2630866","6462532.371660976"
"883","bilibili.tv","2630189","38276332.30873548"
"884","screwfix.com","2628791","31841850.49458138"
"885","roblox.com","2628128","91724320.79749419"
"886","hamariweb.com","2626539","157793675.697562"
"887","noon.com","2625440","25705494.355300844"
"888","aa.com.tr","2624118","20698211.389097624"
"889","purewow.com","2620241","16545439.309360588"
"890","bild.de","2613770","64986576.87521027"
"891","yumpu.com","2611968","3314095.8414678555"
"892","eltiempo.com","2611832","35178434.73474404"
"893","ohio.gov","2601440","32269317.28800435"
"894","jalan.net","2599268","217716660.58068573"
"895","rent.com","2595618","25198311.20859549"
"896","tripadvisor.co","2594370","33937317.41714401"
"897","aiscore.com","2592945","108659116.83645739"
"898","argentina.gob.ar","2590774","78351826.61246802"
"899","pcgamesn.com","2588652","29235569.632169742"
"900","rtve.es","2587690","36995884.63501707"
"901","autoevolution.com","2585071","7218925.64854579"
"902","crunchyroll.com","2581495","72747235.12116073"
"903","instyle.com","2578446","28527272.184258886"
"904","deepl.com","2577748","884826515.573276"
"905","quoracdn.net","2576072","9185327.572273796"
"906","arcgis.com","2575472","30438097.055863403"
"907","bankofamerica.com","2571532","120376592.7239712"
"908","songfacts.com","2568438","13779223.484058093"
"909","oneindia.com","2568178","82350910.82431279"
"910","smule.com","2567847","42756323.12707607"
"911","dol.gov","2567273","34703696.7435047"
"912","goibibo.com","2566217","157788811.2260857"
"913","science.org","2566043","13184815.614586543"
"914","fc2.com","2563769","24910176.021498725"
"915","bhf.org.uk","2561847","28758893.44425808"
"916","soccerway.com","2561183","66163347.80480377"
"917","lyrics.com","2559217","11039648.380006962"
"918","theatlantic.com","2559086","14968147.915108144"
"919","abebooks.com","2558214","6643839.772316247"
"920","theglobeandmail.com","2555029","24368234.003663175"
"921","linternaute.fr","2555010","54489141.38427597"
"922","hhs.gov","2554461","28292229.81977564"
"923","state.mn.us","2552534","30120194.03571845"
"924","mail.ru","2548988","11669127.12740617"
"925","ford.com","2545986","52865276.39427349"
"926","vrbo.com","2532318","22534386.128786303"
"927","bls.gov","2531104","57985986.76287145"
"928","asahi.com","2528652","60851760.192771316"
"929","welt.de","2528608","19366775.575881265"
"930","straitstimes.com","2526095","16643141.354962662"
"931","usgs.gov","2522031","64150974.34764261"
"932","teenvogue.com","2520208","24080718.998209853"
"933","msu.edu","2519572","26568867.172922462"
"934","unesco.org","2514997","57983946.00200739"
"935","glamourmagazine.co.uk","2508885","16920514.262553476"
"936","nbcsports.com","2507903","45938522.29771496"
"937","sportsdirect.com","2507300","43771196.656987846"
"938","ebay.fr","2505522","10376177.246284083"
"939","currys.co.uk","2505488","34729524.01607354"
"940","t.me","2502315","62151258.59423331"
"941","justice.gov","2495300","31298080.56817887"
"942","univision.com","2494673","17326536.340211388"
"943","semanticscholar.org","2484369","4153376.639185775"
"944","coursehero.com","2484362","4699482.576568767"
"945","unirioja.es","2483763","9863327.222104656"
"946","georgia.gov","2483199","35235970.29863184"
"947","game8.co","2480640","16740020.26349147"
"948","ed.gov","2477440","27920160.44521418"
"949","globenewswire.com","2476502","8956621.187984232"
"950","hobbylobby.com","2471934","28205009.92067039"
"951","medicoverhospitals.in","2470345","17913980.94973573"
"952","bookmyshow.com","2470324","217454437.68428594"
"953","rightmove.co.uk","2469525","79470098.38597704"
"954","slashgear.com","2459159","7661844.915009584"
"955","yellowpages.ca","2458989","15249993.655871788"
"956","restaurantji.com","2457103","3563234.3822580334"
"957","kinopoisk.ru","2455024","20158347.782116145"
"958","giphy.com","2454736","64597624.96058145"
"959","pantip.com","2454188","82270727.5776624"
"960","illinois.edu","2452534","22798568.329073533"
"961","vanityfair.com","2452082","22269132.43487873"
"962","rutube.ru","2450748","7596075.746461524"
"963","cleartax.in","2450666","110579207.54314126"
"964","tomshardware.com","2450416","15805309.241102418"
"965","unc.edu","2447729","28469512.449274056"
"966","newegg.com","2444141","11184888.76709404"
"967","soapcentral.com","2440517","17689560.429533437"
"968","nhl.com","2438842","202194854.19972008"
"969","uchicago.edu","2435491","19244965.2177895"
"970","studysmarter.co.uk","2433127","10977637.565293195"
"971","inspiredtaste.net","2431307","60485351.96257006"
"972","dillards.com","2427335","26063997.22572639"
"973","akakce.com","2426225","48690511.9037463"
"974","skyscanner.net","2425922","60247615.00518238"
"975","thewrap.com","2425438","13360250.623164797"
"976","verywellfit.com","2421090","60591006.535456434"
"977","ct.gov","2420979","23811416.207676414"
"978","lg.com","2420549","42179756.37472927"
"979","myer.com.au","2420023","19355619.2266017"
"980","cnnindonesia.com","2414514","101882815.91126564"
"981","cardekho.com","2411542","169851633.18299958"
"982","lyricstranslate.com","2409976","6321919.842023859"
"983","gov.bc.ca","2409006","23316068.67605397"
"984","af.mil","2405762","46686841.902178146"
"985","radio-canada.ca","2402464","28222328.614801206"
"986","bajajfinserv.in","2399335","120472530.54787418"
"987","gotquestions.org","2398759","44921554.580955625"
"988","flashscore.com","2397517","91744246.03027783"
"989","streetdirectory.com","2394928","50384676.84250517"
"990","scribbr.com","2391061","125621452.40116236"
"991","macrumors.com","2386956","11612409.797430528"
"992","sueddeutsche.de","2386600","13255831.22528066"
"993","wordwall.net","2385952","18821655.478823625"
"994","oregon.gov","2381335","23479503.729765918"
"995","whattoexpect.com","2378281","31864564.749773152"
"996","antaranews.com","2371539","41719312.875687376"
"997","slate.com","2369729","15362167.769523984"
"998","cedars-sinai.org","2368322","28534649.664545506"
"999","zmenu.com","2367458","5923898.951168848"
"1000","dcinside.com","2367166","44319869.50806377"